{
  "EnvironmentPreset": "580b4529-ac50-4fe9-b8d2-635765a14893",
  "ThumbnailCameraTransformInRoomSpace": [ [ -12.85889, 14.790657, 8.270314 ], [ -0.00224751234, 0.8239548, 0.0175134242, 0.5663804 ], 1.0 ],
  "SceneTransformInRoomSpace": [ [ -1.37805808, -12.3159218, 2.65911841 ], [ 0.0, -0.003938918, 0.0, 0.9999923 ], 1.85799348 ],
  "BrushIndex": [
    "759f1ebd-20cd-4720-8d41-234e0da63716"
  ],
  "Mirror": {
    "Transform": [ [ -1.37805808, 15.55398, 2.65911841 ], [ 0.0, -0.003938918, 0.0, 0.9999923 ], 1.0 ]
  }
}
